Date,Open,High,Low,Close,Volume
2018-01-02,10.42,11.02,10.34,10.98,43479727
2018-01-03,11.61,12.14,11.36,11.55,150097565
2018-01-04,12.1,12.43,11.97,12.12,108512405
2018-01-05,12.19,12.22,11.66,11.88,63187983
2018-01-08,12.01,12.3,11.85,12.28,62896703
2018-01-09,12,12.02,11.71,11.82,62071489
2018-01-10,11.63,12.15,11.56,11.96,51025659
2018-01-11,12.07,12.19,11.9,12.14,33904455
2018-01-12,11.82,12.07,11.8,12.02,46862584
2018-01-16,12.05,12.2,11.8,11.91,41596214
2018-01-17,11.9,12.19,11.82,12.18,38563690
2018-01-18,12.18,12.68,12.15,12.47,61621147
2018-01-19,12.56,12.88,12.54,12.59,45638452
2018-01-22,12.61,12.74,12.37,12.65,34419605
2018-01-23,12.82,13,12.76,12.94,46005571
2018-01-24,13.02,13.05,12.6,12.71,41540864
2018-01-25,12.78,12.94,12.32,12.41,41679690
2018-01-26,12.7,12.95,12.62,12.95,43419449
2018-01-29,13.13,13.47,13.05,13.32,65821254
2018-01-30,13.12,13.27,12.69,12.87,65116734
2018-01-31,13.24,13.85,13.15,13.74,139842965
2018-02-01,13.62,13.84,13.21,13.25,66528817
2018-02-02,13.05,13.06,12.43,12.45,76774701
2018-02-05,12.05,12.18,10.93,11.57,110561931
2018-02-06,11.04,11.74,11,11.65,85817061
2018-02-07,11.7,11.9,11.53,11.6,55325484
2018-02-08,11.72,11.85,11.21,11.22,54139669
2018-02-09,11.54,11.57,10.63,11.31,83500016
2018-02-12,11.47,11.8,11.43,11.68,62695580
2018-02-13,11.6,11.82,11.53,11.78,32126468
2018-02-14,11.72,12.31,11.63,12.2,51529646
2018-02-15,12.4,12.63,12.07,12.19,57497914
2018-02-16,12.11,12.23,11.82,11.82,45980623
2018-02-20,11.72,12.19,11.71,12.02,46430056
2018-02-21,12.12,12.12,11.72,11.72,39840153
2018-02-22,11.82,12,11.63,11.84,37579666
2018-02-23,11.95,12.16,11.94,12.07,32964802
2018-02-26,12.14,12.43,12.05,12.42,41830973
2018-02-27,12.43,12.88,12.39,12.53,55068108
2018-02-28,12.66,12.73,12.1,12.11,43024362
2018-03-01,12.26,12.27,11.66,11.9,63207377
2018-03-02,11.67,11.93,11.43,11.81,58123518
2018-03-05,11.69,12.06,11.61,11.91,43734836
2018-03-06,12.01,12.05,11.71,11.76,46751179
2018-03-07,11.58,12.82,11.55,12.24,127603194
2018-03-08,12.4,12.59,11.74,11.97,75412079
2018-03-09,12.03,12.04,11.58,11.7,88671179
2018-03-12,11.76,11.82,11.48,11.52,83266830
2018-03-13,11.5,12.04,11.1,11.64,173734863
2018-03-14,11.7,11.72,11.26,11.36,79249146
2018-03-15,11.43,11.55,11.19,11.46,62979274
2018-03-16,11.49,11.55,11.32,11.47,36335291
2018-03-19,11.41,11.74,11.35,11.43,53034019
2018-03-20,11.41,11.52,11,11.11,64277926
2018-03-21,11.16,11.34,11.11,11.26,44453537
2018-03-22,11.1,11.26,10.85,10.91,59569610
2018-03-23,10.91,10.97,10.57,10.63,54661263
2018-03-26,10.71,10.8,10.18,10.44,75239343
2018-03-27,10.51,10.59,9.9,10,68157322
2018-03-28,9.99,10.17,9.79,9.81,64832148
2018-03-29,9.94,10.08,9.81,10.05,48681415
2018-04-02,9.99,10.14,9.51,9.53,64824596
2018-04-03,9.63,9.77,9.3,9.55,54891576
2018-04-04,9.08,9.81,9.04,9.77,67356888
2018-04-05,10.05,10.2,9.91,10.02,65758791
2018-04-06,9.83,10.1,9.5,9.61,51087146
2018-04-09,9.75,9.84,9.52,9.53,38382608
2018-04-10,9.75,10.04,9.71,9.98,43036502
2018-04-11,9.87,10.03,9.79,9.82,29169324
2018-04-12,9.98,10.1,9.82,10.08,47784419
2018-04-13,10.2,10.22,9.88,9.93,38935658
2018-04-16,10,10.17,9.9,10.09,28875069
2018-04-17,10.28,10.53,10.2,10.52,45360314
2018-04-18,10.51,10.65,10.33,10.36,42449590
2018-04-19,10.18,10.33,9.99,10.11,57841640
2018-04-20,10.05,10.14,9.95,9.99,39011902
2018-04-23,10.09,10.19,9.97,10.04,42971272
2018-04-24,10.19,10.35,9.95,10.09,44992223
2018-04-25,10.06,10.09,9.56,9.71,90577981
2018-04-26,10.87,11.19,10.61,11.04,145284090
2018-04-27,11.2,11.36,11.02,11.11,74347782
2018-04-30,11.06,11.14,10.87,10.88,50608764
2018-05-01,10.83,11.15,10.77,11.13,43441602
2018-05-02,11.1,11.16,10.97,10.97,29267302
2018-05-03,10.9,11.06,10.83,10.93,33310596
2018-05-04,10.88,11.29,10.87,11.28,47884940
2018-05-07,11.32,11.68,11.3,11.59,54001692
2018-05-08,11.49,11.66,11.4,11.61,35218414
2018-05-09,11.65,11.98,11.57,11.95,49605743
2018-05-10,11.98,12.18,11.95,12.13,49744484
2018-05-11,11.89,12.03,11.69,11.95,43863746
2018-05-14,12.14,12.36,12.11,12.23,50263792
2018-05-15,12.18,12.46,12.16,12.45,44183179
2018-05-16,12.64,12.98,12.62,12.82,73363996
2018-05-17,12.79,12.9,12.66,12.82,38692510
2018-05-18,13.06,13.26,12.91,13,54063411
2018-05-21,13.25,13.31,12.88,12.99,49714221
2018-05-22,13,13.14,12.71,12.98,43267033
2018-05-23,12.93,13.18,12.9,13.1,44517762
2018-05-24,13.06,13.43,13.03,13.41,47785726
2018-05-25,13.4,13.72,13.36,13.54,43850067
2018-05-29,13.45,13.63,13.26,13.36,39578498
2018-05-30,13.48,13.95,13.48,13.82,58186435
2018-05-31,13.74,13.93,13.69,13.73,46797677
2018-06-01,13.98,14.4,13.92,14.4,71677869
2018-06-04,14.76,14.98,14.52,14.85,74545986
2018-06-05,14.85,14.92,14.63,14.85,56122654
2018-06-06,15.07,15.74,15.04,15.67,97089040
2018-06-07,15.83,15.97,14.85,14.89,99860297
2018-06-08,14.52,15.33,14.31,15.25,81930486
2018-06-11,15.21,15.89,15.01,15.73,80737640
2018-06-12,15.84,15.95,15.43,15.85,67002592
2018-06-13,15.81,16.52,15.78,16.32,90227322
2018-06-14,16.62,16.79,15.58,16.25,113048551
2018-06-15,16.06,16.52,15.82,16.34,77612174
2018-06-18,16.18,17.34,16.13,17.11,104317396
2018-06-19,16.85,17.29,16.31,16.69,92542859
2018-06-20,16.83,17.13,16.37,16.52,76280646
2018-06-21,16.65,16.87,15.46,15.65,95638369
2018-06-22,15.78,15.91,15.56,15.8,59257099
2018-06-25,15.64,15.74,14.54,15.11,94418420
2018-06-26,15.32,15.6,15.1,15.5,54213466
2018-06-27,15.65,15.76,14.96,14.97,56014335
2018-06-28,14.85,15.36,14.75,15.31,48716794
2018-06-29,15.41,15.49,14.98,14.99,41527791
2018-07-02,14.8,15.18,14.74,15.16,43398768
2018-07-03,15.21,15.34,14.96,15,32094031
2018-07-05,15.13,15.5,15.02,15.5,40703271
2018-07-06,15.52,16.39,15.48,16.36,65101672
2018-07-09,16.73,16.84,16.17,16.61,58525542
2018-07-10,16.59,16.65,16.31,16.55,37092975
2018-07-11,16.15,16.53,16.02,16.27,42544103
2018-07-12,16.41,16.79,16.38,16.56,44188137
2018-07-13,16.68,16.69,16.22,16.27,40698475
2018-07-16,16.42,17,16.41,16.58,65275291
2018-07-17,16.5,16.88,16.48,16.87,42313518
2018-07-18,16.94,16.99,16.55,16.85,40881493
2018-07-19,16.71,16.88,16.55,16.71,41267829
2018-07-20,16.66,16.88,16.44,16.5,42906009
2018-07-23,16.47,16.68,15.9,16.66,44940819
2018-07-24,16.75,16.86,16.11,16.19,58201458
2018-07-25,16.3,16.39,15.72,16.05,83639684
2018-07-26,17.16,18.45,16.83,18.35,192661124
2018-07-27,19.07,19.88,18.31,18.94,161903789
2018-07-30,19.4,20.18,19.31,19.42,160823407
2018-07-31,19.35,19.5,18.27,18.33,118403405
2018-08-01,18.34,18.95,18.32,18.48,75495240
2018-08-02,18.17,18.83,18,18.79,52867121
2018-08-03,18.94,19.06,18.37,18.49,53232065
2018-08-06,18.89,19.44,18.46,19.43,83579668
2018-08-07,19.53,19.71,19.08,19.56,72822590
2018-08-08,19.46,19.77,19.26,19.58,52081364
2018-08-09,19.58,19.71,19.08,19.1,46653358
2018-08-10,19.09,19.48,18.85,19.06,65821056
2018-08-13,19.16,19.93,19.12,19.73,81411331
2018-08-14,19.97,20.28,19.63,20.02,89195509
2018-08-15,19.86,20.1,19.2,19.7,86355654
2018-08-16,19.86,20.07,19.25,19.33,69733708
2018-08-17,19.12,19.82,18.73,19.77,60616638
2018-08-20,19.79,20.08,19.35,19.98,62983236
2018-08-21,19.98,20.42,19.86,20.4,55628983
2018-08-22,20.28,20.92,20.21,20.9,62002721
2018-08-23,21.19,22.32,21.14,22.29,113444117
2018-08-24,22.91,24,22.67,23.98,164328182
2018-08-27,24.94,27.3,24.63,25.26,325058400
2018-08-28,25.51,26.18,24.04,25.05,215771220
2018-08-29,24.36,25.41,24.01,25.2,143223187
2018-08-30,25.29,25.67,24.76,24.89,103607291
2018-08-31,24.89,25.24,24.72,25.17,65206352
2018-09-04,25.62,28.11,25.57,28.06,192541253
2018-09-05,29.41,29.94,26.84,28.51,257349007
2018-09-06,28.12,28.58,27.19,27.84,143942935
2018-09-07,26.96,28.27,26.8,27.38,123348744
2018-09-10,28.15,29.93,27.84,29.89,162253798
2018-09-11,30.02,30.59,29.37,30.1,159902483
2018-09-12,29.91,32.29,29.45,32.21,197889598
2018-09-13,33.16,34.14,29.87,30.48,304147108
2018-09-14,31.43,33.09,30.54,32.72,217762820
2018-09-17,31.75,33.23,31.6,32.43,180410560
2018-09-18,32.99,33.37,31.2,31.93,176673169
2018-09-19,31.52,31.83,30.51,31.21,124287022
2018-09-20,32.1,32.2,30.64,31.18,123116549
2018-09-21,31.19,32.42,30.91,31.02,129792949
2018-09-24,31.13,32.65,30.91,32.61,118332614
2018-09-25,33.18,33.6,32.19,32.57,118570163
2018-09-26,32.4,32.6,31.72,32.19,79347320
2018-09-27,31.86,32.63,31.39,32.59,87934428
2018-09-28,32.24,32.78,29.98,30.89,165453485
2018-10-01,30.69,31.91,30.25,31.42,94742859
2018-10-02,30.73,30.82,28.65,29.02,145276455
2018-10-03,29.04,29.22,26.54,28.43,190137198
2018-10-04,27.99,28.83,27.37,27.78,95831156
2018-10-05,28.07,28.47,26.93,27.35,88008487
2018-10-08,26.73,27.54,25.96,26.46,103789499
2018-10-09,26.15,27.71,26,27.24,105461756
2018-10-10,27.38,27.4,24.91,25,147682923
2018-10-11,24.74,26.2,24.55,25.3,147013774
2018-10-12,26.77,26.97,25.67,26.34,111059406
2018-10-15,26.38,26.77,25.75,26.26,70523486
2018-10-16,26.63,28.23,26.17,28.18,92528973
2018-10-17,28.41,28.53,26.92,27.3,89466946
2018-10-18,27.08,27.75,26.4,26.62,79623723
2018-10-19,27.03,27.1,23.6,23.66,130799866
2018-10-22,24.46,25.64,24.09,25.03,114158919
2018-10-23,24.18,25.26,23.85,25.09,101763018
2018-10-24,25.04,25.1,22.75,22.79,134489106
2018-10-25,17.92,20.15,17.72,19.27,189173672
2018-10-26,18.49,18.78,17.05,17.63,119688961
2018-10-29,18.21,18.23,16.27,16.85,94479590
2018-10-30,16.38,17.24,16.17,17.2,99049408
2018-10-31,17.87,18.34,17.12,18.21,110463663
2018-11-01,18.41,20.33,18.08,20.22,136896463
2018-11-02,20.59,21.06,19.47,20.23,123787953
2018-11-05,20.12,20.18,18.88,19.9,108016703
2018-11-06,19.5,21.65,19.48,20.68,144995728
2018-11-07,21.42,22.22,21.07,21.84,121115776
2018-11-08,21.77,22.08,20.97,21.2,92387565
2018-11-09,20.77,21.19,20.11,21.03,85900699
2018-11-12,20.68,20.85,18.8,19.03,95948176
2018-11-13,19.28,20.02,18.97,19.61,76125994
2018-11-14,20.18,21.11,19.76,20.81,106344252
2018-11-15,20.72,21.77,20.42,21.49,97715488
2018-11-16,19.87,20.97,19.72,20.66,112376589
2018-11-19,20.4,20.59,19.09,19.11,93578236
2018-11-20,17.4,19.58,17.18,19.21,109869425
2018-11-21,20.05,20.31,18.5,18.73,81585649
2018-11-23,18.61,19.83,18.56,19.38,54611295
2018-11-26,19.96,20.19,19.11,20.08,83210988
2018-11-27,19.77,21.45,19.73,21.05,119230147
2018-11-28,21.82,21.88,20.18,21.34,134425292
2018-11-29,21.19,21.61,20.73,21.43,79853746
2018-11-30,21.3,21.36,20.52,21.3,82370737
2018-12-03,22.48,23.75,22.37,23.71,139605406
2018-12-04,23.35,23.42,21.07,21.12,127392924
2018-12-06,20.22,21.41,20.06,21.3,103434674
2018-12-07,21.3,21.38,19.17,19.46,105764534
2018-12-10,19.35,20.13,19.27,19.99,77984520
2018-12-11,20.71,21.14,19.69,19.98,88027392
2018-12-12,20.32,21.02,19.71,20.48,100340657
2018-12-13,20.63,20.87,19.76,19.86,88108070
2018-12-14,19.58,20.7,19.52,19.9,84713551
2018-12-17,20.01,20.02,18.64,18.83,115437927
2018-12-18,19.15,19.84,18.88,19.5,101512938
2018-12-19,19.44,19.72,18,18.16,120644490
2018-12-20,18.11,18.86,17.34,17.94,119394487
2018-12-21,18.12,18.34,16.76,16.93,132245996
2018-12-24,16.52,17.22,16.37,16.65,62933126
2018-12-26,16.88,17.91,16.03,17.9,108811809
2018-12-27,17.43,17.74,16.44,17.49,111373008
2018-12-28,17.53,18.31,17.135,17.82,109214352
2018-12-31,18.15,18.5101,17.85,18.46,84732181
2019-01-02,18.01,19,17.98,18.83,87148693
2019-01-03,18.42,18.68,16.94,17.05,117277563
2019-01-04,17.55,19.07,17.43,19,111878582
2019-01-07,19.44,20.68,19,20.57,107157014
2019-01-08,21.19,21.2,19.68,20.75,121270986
2019-01-09,20.89,21.44,20.07,20.19,163944073
2019-01-10,19.76,19.83,18.9,19.74,115629372
2019-01-11,19.47,20.35,19.19,20.27,85110766
2019-01-14,19.96,20.62,19.75,20.23,71350248
2019-01-15,20.44,20.68,20.26,20.38,62785800
2019-01-16,20.4,20.54,19.71,19.73,70849266
2019-01-17,19.49,20.51,19.02,20.25,85018421
2019-01-18,20.37,21.05,20.02,20.77,88130950
2019-01-22,20.48,20.92,19.7,19.76,78513667
2019-01-23,20.03,20.48,19.55,19.8,77811255
2019-01-24,20.06,21.01,20.04,20.85,97433423
2019-01-25,20.99,22.03,20.79,21.93,110555157
2019-01-28,20.32,21.01,20.02,20.18,135164064
2019-01-29,20.26,20.39,19.05,19.25,131202535
2019-01-30,21.49,23.13,21.37,23.09,211421150
2019-01-31,23.02,25.14,22.83,24.41,182575629
2019-02-01,24.61,24.84,24.07,24.51,105356175
2019-02-04,24.43,24.66,24.07,24.13,70843958
2019-02-05,23.42,23.86,22.98,23.31,122226034
2019-02-06,23.63,24.14,23.22,23.26,78684325
2019-02-07,22.99,23.22,22.32,22.67,86723886
2019-02-08,22.33,23.28,22.27,23.05,78129280
2019-02-11,23.05,23.28,22.66,22.96,60578705
2019-02-12,23.43,23.56,22.75,22.82,67595405
2019-02-13,22.98,23.24,22.71,22.85,57544167
2019-02-14,22.74,23.37,22.59,23.13,64441243
2019-02-15,23.58,24.05,23.2,23.68,78644109
2019-02-19,23.63,24.41,23.61,23.95,57517907
2019-02-20,24.14,24.37,23.9,23.95,57091617
2019-02-21,24.04,24.33,23.85,23.92,49608176
2019-02-22,24.05,24.36,23.88,24.36,52650728
2019-02-25,25.01,25.52,24.68,24.71,63221028
2019-02-26,24.65,24.72,24.15,24.21,48470089
2019-02-27,24.11,24.23,23.21,23.48,62649329
2019-02-28,23.21,23.67,23.11,23.53,39384901
2019-03-01,23.97,24.19,23.45,23.68,48083975
2019-03-04,23.89,24.13,23.01,23.37,48147714
2019-03-05,23.34,23.68,23.01,23.5,35462587
2019-03-06,23.47,23.53,22.4,22.41,60479430
2019-03-07,22.33,22.41,21.73,22.08,52186289
2019-03-08,21.35,22.09,21.04,22.01,49967725
2019-03-11,22.15,23.08,21.98,22.96,54420188
2019-03-12,23.1,23.8,22.78,23.49,56410616
2019-03-13,23.66,24.15,23.35,23.38,56705777
2019-03-14,23.37,23.49,22.8,22.82,42818582
2019-03-15,23.1,23.65,23.01,23.29,46519912
2019-03-18,23.3,23.62,23.04,23.25,34731839
2019-03-19,23.6,26.08,23.59,26,156052222
2019-03-20,26.49,26.88,25.31,25.7,151292138
2019-03-21,25.78,28.11,25.71,27.89,129610272
2019-03-22,27.54,27.75,26.33,26.37,115323257
2019-03-25,26.29,26.99,25.54,25.97,78438159
2019-03-26,26.69,26.98,25.46,25.69,75754079
2019-03-27,25.7,25.88,24.55,24.89,88585265
2019-03-28,25.1,25.56,24.65,25.06,64667453
2019-03-29,25.58,25.73,25.25,25.52,53502807
2019-04-01,26.42,26.56,25.83,26.36,63000322
2019-04-02,26.51,26.8,26.09,26.75,53358772
2019-04-03,28.02,29.95,27.88,29.02,197650478
2019-04-04,28.88,29.39,28.61,29.09,82191092
2019-04-05,29.64,29.69,28.8,28.98,65662738
2019-04-08,28.69,28.95,28.18,28.53,58002493
2019-04-09,28.24,28.38,27.19,27.24,75539793
2019-04-10,27.46,28.12,27.32,27.83,64368144
2019-04-11,27.81,28.05,27.46,27.79,44801179
2019-04-12,28.21,28.38,27.66,27.85,41048838
2019-04-15,27.8,27.84,26.96,27.33,40812497
2019-04-16,27.72,28.18,27.49,27.93,47340055
2019-04-17,28.21,28.27,27.22,27.49,48240768
2019-04-18,27.6,27.88,27.34,27.68,39880890
2019-04-22,27.62,28.23,27.39,28.18,36477286
2019-04-23,28.18,28.49,27.79,27.97,41777470
2019-04-24,28.1,28.85,27.93,28.46,51784738
2019-04-25,28.67,28.86,27.36,27.66,57329711
2019-04-26,27.66,27.9,27.05,27.88,48827903
2019-04-29,27.9,28.14,27.5,27.69,44532725
2019-04-30,27.59,27.8,26.94,27.63,73165869
2019-05-01,28.95,29.15,26.78,26.81,136066941
2019-05-02,26.94,28.64,26.61,28.29,100514792
2019-05-03,28.3,28.42,27.66,28.22,55503062
2019-05-06,26.72,27.5,26.45,27.42,70344092
2019-05-07,27.2,27.35,26.21,26.66,75868821
2019-05-08,26.41,27.71,26.27,27.09,65967544
2019-05-09,26.7,27.38,26.03,27.21,73150883
2019-05-10,27.03,28.1,26.93,27.96,82930144
2019-05-13,26.98,27.23,26.1,26.24,99017893
2019-05-14,26.53,27.48,26.15,27.32,82980397
2019-05-15,26.87,27.79,26.73,27.58,55689874
2019-05-16,27.37,28.37,27.27,28.01,67330064
2019-05-17,27.69,28.46,27.4,27.5,65385351
2019-05-20,26.98,27.24,26.49,26.68,69757402
2019-05-21,27.18,27.37,26.93,27.35,46079177
2019-05-22,27.12,27.59,27.07,27.41,40035288
2019-05-23,26.99,27.1,26.03,26.36,67809153
2019-05-24,26.61,26.93,26.4,26.44,39835788
2019-05-28,27.27,29.67,27.06,29.05,146949629
2019-05-29,29,29.32,27.73,28.09,99969597
2019-05-30,28.4,28.56,27.6,28.03,65289093
2019-05-31,27.57,28.36,27.4,27.41,68667809
2019-06-03,28.75,29.62,27.29,27.58,147532180
2019-06-04,28.39,29.59,27.91,29.57,107549523
2019-06-05,29.93,29.99,29.03,29.5,79481540
2019-06-06,29.87,31.98,29.84,31.82,131267796
2019-06-07,31.94,32.6,31.57,32.41,86841098
2019-06-10,33.53,34.3,33.08,33.23,97668791
2019-06-11,33.43,33.49,31.82,32.41,82834914
2019-06-12,32,32.57,31.92,32.18,56298671
2019-06-13,32.39,32.5,31.06,31.39,63555986
2019-06-14,30.7,30.96,30.02,30.36,70373015
2019-06-17,30.25,30.45,29.18,29.2,70865743
2019-06-18,29.76,30.97,29.58,30.45,86444542
2019-06-19,30.665,30.79,30.06,30.5,63233939
2019-06-20,31.24,31.36,29.84,30.01,72418162
2019-06-21,29.65,30.35,28.97,29.1,81861322
2019-06-24,29.32,29.4,28.67,29.26,55724826
2019-06-25,29.26,29.72,28.8,28.86,53680887
2019-06-26,29.98,30.48,29.78,29.92,65064199
2019-06-27,30.41,30.96,30.21,30.74,55623309
2019-06-28,31.08,31.11,30.33,30.37,50090925
2019-07-01,31.79,32.04,30.87,31.2,60525532
2019-07-02,30.96,31.26,30.73,31.24,37721679
2019-07-03,31.13,31.33,30.74,31.19,23462004
2019-07-05,30.88,31.56,30.75,31.5,34011867
2019-07-08,31.8,32.15,31.26,32.04,49689399
2019-07-09,31.76,33.18,30.1,33.15,61419773
2019-07-10,33.56,34.03,33.36,33.79,60388439
2019-07-11,33.91,34,32.76,33.06,63081800
2019-07-12,32.76,33.39,32.59,33.21,51509682
2019-07-15,33.34,34.55,33.27,34.39,65565248
2019-07-16,34.3,34.86,33.8,33.85,66912699
2019-07-17,34.01,34.3,33.49,33.6,42557903
2019-07-18,33.03,33.46,32.42,33,58610857
2019-07-19,33.08,33.35,32.45,32.51,44617702
2019-07-22,32.8,33.31,32.74,32.85,37777312
2019-07-23,33.17,33.5,32.93,33.49,38532460
2019-07-24,33.64,34.36,33.45,34.11,41952256
2019-07-25,34.05,34.25,33.62,33.67,36705616
2019-07-26,34.23,34.77,33.87,34.02,43502776
2019-07-29,34.14,34.18,32.98,33.48,45921978
2019-07-30,33.21,33.94,32.94,33.87,72198880
2019-07-31,32.08,32.3,30.3,30.45,119190001
2019-08-01,30.5,31.48,29.1,29.86,80878890
2019-08-02,29.48,29.73,28.94,29.44,60410852
2019-08-05,28.26,28.49,27.65,27.99,74333240
2019-08-06,28.86,29.05,28.2,28.86,60578444
2019-08-07,28.47,29.28,28.37,29.19,58577543
2019-08-08,31.53,34.27,31.48,33.92,167278810
2019-08-09,33.45,35.55,33.08,34.19,132483947
2019-08-12,34.16,34.65,32.08,32.43,106936040
2019-08-13,32.36,33.14,31.72,32.11,102579321
2019-08-14,31,31.05,29.51,30.24,127521456
2019-08-15,30.63,30.73,29.21,29.67,72606817
2019-08-16,30.305,31.48,30.21,31.18,71588978
2019-08-19,32,32.19,31.42,31.48,67781613
2019-08-20,30.94,31.31,30.45,30.72,48016381
2019-08-21,31.05,31.74,30.84,31.7,41635046
2019-08-22,31.76,31.92,30.98,31.9,47742174
2019-08-23,31.3,31.83,29.4,29.54,83931683
2019-08-26,30.34,30.72,29.94,30.28,50858859
2019-08-27,30.6,30.89,29.6,30.2,53351711
2019-08-28,29.92,31.18,29.7,30.78,55780427
2019-08-29,31.47,31.83,31.33,31.45,44485479
2019-08-30,31.6,31.87,31.13,31.45,40347321
2019-09-03,30.83,31.14,30.68,30.9,38080254
2019-09-04,31.32,31.83,30.85,30.95,46709780
2019-09-05,31.79,32.05,31.12,31.5,57932080
2019-09-06,31.5,31.51,30.48,30.56,51672982
2019-09-09,30.93,31.18,30.24,30.5,54413163
2019-09-10,30.22,30.38,29.77,30.23,48604766
2019-09-11,30.38,30.43,29.51,29.76,50631683
2019-09-12,30.08,30.84,29.95,30.21,53618344
2019-09-13,30.27,30.85,29.95,30.69,47758753
2019-09-16,30.37,31.15,30.26,30.83,52248540
2019-09-17,31.07,31.32,30.74,30.99,35125750
2019-09-18,30.75,30.89,29.88,30.42,47277309
2019-09-19,30.57,30.96,30.14,30.29,41930831
2019-09-20,30.36,30.47,29.65,30.05,83555555
2019-09-23,30.12,30.8,30.07,30.64,45185837
2019-09-24,30.54,30.75,29.29,29.52,73220942
2019-09-25,29.48,29.65,28.55,29.54,58691579
2019-09-26,29.67,29.77,29,29.47,41182228
2019-09-27,29.17,29.77,28.35,28.72,54144672
2019-09-30,28.89,29.05,28.36,28.99,40332052
2019-10-01,29.05,29.54,28.64,28.76,37366072
2019-10-02,28.5,28.85,28.03,28.31,44048752
2019-10-03,28.28,28.78,27.43,28.68,56905408
2019-10-04,28.83,29.06,28.28,29.01,34609211
2019-10-07,28.9,29.63,28.84,28.93,39745268
2019-10-08,28.55,28.64,27.92,28.23,44432078
2019-10-09,28.8,28.95,28.35,28.46,36321583
2019-10-10,28.52,28.89,28,28.38,41171995
2019-10-11,28.83,30.2,28.81,29.75,66632445
2019-10-14,29.71,30.61,29.38,30.53,44818233
2019-10-15,30.7,30.92,30.17,30.72,42142385
2019-10-16,30.6,31.41,30.53,30.81,43064255
2019-10-17,31.3,31.4,30.86,31.14,37010205
2019-10-18,31.06,31.33,30.29,30.97,39221435
2019-10-21,31.5,32.26,31.41,32.03,52182779
2019-10-22,32.06,32.15,31.5,31.51,36860307
2019-10-23,31.09,31.65,30.83,31.36,26858110
2019-10-24,31.58,31.86,31.34,31.72,28448977
2019-10-25,31.9,32.86,31.83,32.71,45368837
2019-10-28,33.16,33.91,33.15,33.69,50694873
2019-10-29,33.73,33.9,32.7,33.03,78700076
2019-10-30,32.93,33.34,32.03,33.13,78228769
2019-10-31,32.98,34.34,32.82,33.93,67881623
2019-11-01,34.37,35,34.1,34.89,64238609
2019-11-04,35.19,36.45,34.76,36.29,83343783
2019-11-05,36.56,37.18,35.98,36.15,84848638
2019-11-06,36.06,36.48,35.52,35.93,51675119
2019-11-07,36.52,36.99,36.03,36.28,54350178
2019-11-08,36.06,36.58,36,36.29,39396230
2019-11-11,35.96,36.66,35.58,36.31,43572264
2019-11-12,36.43,37.13,36.4,36.71,58664523
2019-11-13,36.65,37.96,36.58,37.52,69178093
2019-11-14,37.51,38.5,37.36,38.35,65936947
2019-11-15,38.94,39.37,38.34,38.56,63020866
2019-11-18,38.65,39.99,38.6,39.88,66332767
2019-11-19,40.14,41.79,39.69,41.29,94600235
2019-11-20,40.96,41.75,40.07,40.98,79968318
2019-11-21,40.42,40.71,38.64,39.52,88069355
2019-11-22,39.36,39.89,38.19,39.15,56931883
2019-11-25,39.5,40.17,39.49,39.79,45879404
2019-11-26,39.3,39.48,38.81,38.99,43764146
2019-11-27,39.46,39.76,39.07,39.41,33733792
2019-11-29,39.1,39.52,39.02,39.15,17609932
2019-12-02,39.32,39.41,38.44,38.73,37942678
2019-12-03,37.34,38.93,37.15,38.9,52991201
2019-12-04,39.38,39.82,39.13,39.69,44372195
2019-12-05,39.95,40.22,39.55,39.62,35710943
2019-12-06,40.1,40.19,39.56,39.63,31150377
2019-12-09,39.46,39.84,38.91,38.93,28035391
2019-12-10,39.2,39.73,38.82,39.44,33863025
2019-12-11,39.44,39.61,39.04,39.47,31794689
2019-12-12,39.4,42.62,39.25,42.59,87398169
2019-12-13,42.35,42.95,41.06,41.15,79985411
2019-12-16,41.73,42.98,41.73,42.35,58890776
2019-12-17,42.51,43.11,42.15,42.77,44935574
2019-12-18,42.79,43.06,42.24,42.3,39182983
2019-12-19,42.63,43.34,42.6,42.83,45950709
2019-12-20,43.44,44.26,43.26,44.15,68216726
2019-12-23,44.58,45.63,44.39,45.46,56065288
2019-12-24,46.1,46.61,45.77,46.54,44432192
2019-12-26,46.99,47.31,45.66,46.63,57712693
2019-12-27,46.85,46.88,45.98,46.18,36624234
2019-12-30,46.14,46.17,44.66,45.52,41235735
2019-12-31,45.07,46.09,44.92,45.86,31791204
2020-01-02,46.86,49.25,46.63,49.1,80764599
2020-01-03,48.03,49.39,47.54,48.6,73362157
2020-01-06,48.02,48.86,47.86,48.39,48176286
2020-01-07,49.35,49.39,48.04,48.25,59935556
2020-01-08,47.85,48.3,47.14,47.83,53868957
2020-01-09,48.94,49.96,48.39,48.97,76649637
2020-01-10,49.26,49.29,48,48.17,44215594
2020-01-13,48.66,48.86,48.24,48.75,33743618
2020-01-14,48.64,49.04,47.91,48.21,38694180
2020-01-15,48.23,49.08,48.12,48.55,40199943
2020-01-16,49.17,50.31,48.99,49.77,58898926
2020-01-17,50.2,51.05,49.9,50.93,57722501
2020-01-21,50.96,51.81,50.7,51.05,48403014
2020-01-22,51.63,51.88,51.2,51.43,40772219
2020-01-23,51.34,51.75,50.74,51.71,40135442
2020-01-24,52.28,52.81,49.47,50.35,80004909
2020-01-27,48.45,49.79,47.9,49.26,48878578
2020-01-28,50.03,50.85,49.48,50.53,62343844
2020-01-29,47.84,48.07,46.1,47.51,112559197
2020-01-30,46.49,48.81,46.13,48.78,70460163
2020-01-31,48.4,48.58,46.79,47,60322431
2020-02-03,46.4,48.1,46.23,48.02,47076956
2020-02-04,49.21,49.75,48.61,49.45,46302078
2020-02-05,50.29,50.42,49.31,49.84,42737104
2020-02-06,48.8,49.39,47.63,49.32,48670617
2020-02-07,48.91,50.67,48.64,49.73,53107582
2020-02-10,49.47,52.3,49.35,52.26,60971719
2020-02-11,53.22,54.48,52.91,53.8,74719054
2020-02-12,54.53,54.85,53.53,53.89,45994933
2020-02-13,53.43,55.03,53.34,54.53,51640035
2020-02-14,55.19,55.4,54.56,55.31,52365370
2020-02-18,54.94,58.13,54.84,56.89,70346387
2020-02-19,57.99,59.27,57.51,58.9,58597294
2020-02-20,58.44,59.02,56.15,57.27,74203373
2020-02-21,56.71,56.8,52.89,53.28,88553374
2020-02-24,48.18,50.28,47.49,49.12,86624116
2020-02-25,51.14,51.24,47.12,47.57,88699382
2020-02-26,47.7,49.29,47.07,47.49,86897680
2020-02-27,45.38,46.24,42.21,44.01,106416222
2020-02-28,41.36,46.15,41.04,45.48,100667707
2020-03-02,47.42,47.68,44.66,47.46,102324726
2020-03-03,49.03,50.2,45.67,46.75,141972288
2020-03-04,48.25,50.14,47.21,50.11,93311779
2020-03-05,48.68,49.72,47.51,48.11,98302748
2020-03-06,49.44,49.54,46.74,48.59,124590861
2020-03-09,43.03,46.34,42.51,43.27,80859774
2020-03-10,45.41,45.44,43.1,45.38,76228247
2020-03-11,44.19,45.97,43.8,45.7,102319010
2020-03-12,42,42.5,39,39.01,107461521
2020-03-13,42.2,43.91,39.6,43.9,86689681
2020-03-16,39.08,43.37,38.51,38.71,84545868
2020-03-17,40.19,42.88,38.3,41.88,92741881
2020-03-18,39.54,41.95,36.75,39.12,106163124
2020-03-19,39.56,41.7,37.69,39.82,88939024
2020-03-20,41.51,42.48,39.58,39.61,106859502
2020-03-23,40.62,42.32,38.95,41.64,101704663
2020-03-24,44.04,46.81,43.99,46.22,106794151
2020-03-25,46.79,47.88,44.43,44.63,93760389
2020-03-26,45.78,47.5,45.4,47.5,73915608
2020-03-27,46.32,47.98,45.9,46.58,74599218
2020-03-30,47.24,48.46,46.66,47.86,68486602
2020-03-31,47.93,48.53,45.16,45.48,83483749
2020-04-01,44.18,46.85,43.16,43.66,92083081
2020-04-02,43.4,45.28,43.1,44.49,79024133
2020-04-03,44.3,44.84,41.7,42.59,79334966
2020-04-06,44.3,47.58,44.06,47.52,82293964
2020-04-07,48.96,49.65,46.68,47.56,102098689
2020-04-08,48.07,49,47.61,48.79,64930779
2020-04-09,49.65,50.25,47.72,48.38,80357393
2020-04-13,48.47,51.07,48.23,50.94,64290112
2020-04-14,52.24,55.14,52.11,54.93,85306750
2020-04-15,53.73,55.57,53.41,54.99,83814033
2020-04-16,55.96,58.08,55.63,56.95,103106456
2020-04-17,57.35,57.76,55.55,56.6,76908783
2020-04-20,55.98,58.63,55.85,56.97,72367258
2020-04-21,56.9,57.73,51.41,52.92,123906390
2020-04-22,54.91,56.15,54.34,55.92,63164076
2020-04-23,56.65,57.29,55.64,55.9,69662688
2020-04-24,55.1,56.78,54.42,56.18,72854752
2020-04-27,57.44,58,56.25,56.49,62568062
2020-04-28,57.16,57.35,55.3,55.51,80501820
2020-04-29,54.53,54.86,52.74,53.66,110800859
2020-04-30,53.43,54.29,52.03,52.39,65543944
2020-05-01,51.07,51.95,49.09,49.88,69562656
2020-05-04,49.82,52.61,49.73,52.56,62590577
2020-05-05,53.43,53.51,51.29,52.19,56560532
2020-05-06,52.42,53.31,51.88,52.16,48138123
2020-05-07,52.93,52.97,51.62,51.95,48956641
2020-05-08,52.15,53.27,51.81,53.19,40774186
2020-05-11,52.9,55.89,52.75,55.74,68746373
2020-05-12,56.21,56.58,53.75,53.76,55631098
2020-05-13,54.04,55.22,51.3,52.18,76824714
2020-05-14,52.1,54.54,51.61,54.51,73813999
2020-05-15,53.32,54.44,52.86,54.2,66950863
2020-05-18,54.98,55.25,54.24,54.59,48679061
2020-05-19,54.39,56.73,54.36,55.47,60388543
2020-05-20,56.55,56.98,55.63,56.39,50888191
2020-05-21,56.68,56.72,54.61,54.65,48496114
2020-05-22,54.77,55.37,53.78,55.17,43524110
2020-05-26,56.01,56.08,53.02,53.19,51618865
2020-05-27,53.27,53.28,49.09,52.74,102414487
2020-05-28,52.25,53.54,51.25,51.74,53754227
2020-05-29,52.07,53.8,51.85,53.8,64948312
2020-06-01,53.31,54.11,52.89,53.63,36949860
2020-06-02,53.45,53.57,52.01,53.54,42855210
2020-06-03,53.6,53.65,52.33,52.73,46765332
2020-06-04,52.59,53.74,52.2,52.63,44869090
2020-06-05,52.99,53.57,52.08,53.1,53908273
2020-06-08,53.3,53.35,52.26,52.97,39681749
2020-06-09,52.95,56.46,52.72,56.39,79919140
2020-06-10,57.2,59,57.03,57.44,78719416
2020-06-11,55.94,56.68,52.8,52.83,78715402
2020-06-12,55.01,55.6,52.11,53.5,71189070
2020-06-15,52.58,54.73,52.41,54.68,56740683
2020-06-16,55.72,56.07,53.59,54.46,50949745
2020-06-17,54.79,55.82,54.3,54.55,45146545
2020-06-18,54.62,55.12,53.65,54.04,40354724
2020-06-19,54.41,55.46,53.82,54.23,52801461
2020-06-22,54.67,55.17,53.74,54.76,44704781
2020-06-23,55.05,55.37,53.87,53.99,48089011
2020-06-24,53.94,54.74,51.92,52.39,53535548
2020-06-25,52.56,52.7,50.54,51.93,51129614
2020-06-26,51.85,51.95,49.45,50.1,65485729
2020-06-29,50.15,50.28,48.42,50.28,49905813
2020-06-30,51.16,52.77,50.82,52.61,42275739
2020-07-01,52.63,52.87,51.6,52.58,32372675
2020-07-02,53.03,53.19,52.05,52.34,29082825
2020-07-06,52.9,53.52,52.33,53.4,36790229
2020-07-07,53.28,54.17,52.86,52.93,32153104
2020-07-08,53.01,53.47,52.07,53.43,35609484
2020-07-09,53.52,57.58,53.31,57.26,87216465
2020-07-10,57.54,58.15,55.51,55.88,59877388
2020-07-13,56.68,58.35,53.38,53.59,57743221
2020-07-14,53.3,54.86,52.26,54.72,54890114
2020-07-15,54.96,55.37,53.59,55.34,42376779
2020-07-16,54.68,55.15,53.74,54.92,36887082
2020-07-17,55.31,55.81,54.68,55.04,34710407
2020-07-20,55.23,57.53,54.83,57.46,44710211
2020-07-21,57.81,58.5,56.32,57,44337135
2020-07-22,57.07,62,56.97,61.79,135159420
2020-07-23,61.63,62.33,58.6342,59.57,106829109
2020-07-24,64.18,69.94,64.05,69.4,205314531
2020-07-27,69.28,71.63,67.79,68.97,107918075
2020-07-28,68.1,69.8,67.02,67.61,94181374
2020-07-29,75.5,77.19,73.9,76.09,132969679
2020-07-30,75.37,78.96,75.07,78.2,80286888
2020-07-31,78.67,78.96,75.36,77.43,71699667
2020-08-03,78.19,78.5,77.06,77.67,42628817
2020-08-04,78.03,85.805,77.99,85.04,155676106
2020-08-05,84.96,86.32,83.32,85.31,65737306
2020-08-06,85.49,86.98,84.7801,86.71,53961739
2020-08-07,86.67,87.29,82.6702,84.85,66543157
2020-08-10,85.05,85.16,79.3221,82.24,70536143
2020-08-11,80.71,80.71,76.1,76.88,77877661
2020-08-12,78.43,82.88,77.55,82.61,88607829
2020-08-13,82.88,84.02,81.54,81.84,57407355
2020-08-14,81.81,83.24,80.88,81.3,42389477
2020-08-17,82.09,83.06,81.552,82.42,31210082
2020-08-18,82.8,82.88,81.03,81.66,30970483
2020-08-19,81.7757,81.85,80.45,81.09,37507391
2020-08-20,79.74,82.84,79.12,82.77,42948860
2020-08-21,83.29,84.41,82.23,83.81,48280318
2020-08-24,84.55,85.33,82.55,83.08,38036068
2020-08-25,83.36,86.62,82.35,86.35,49234399
2020-08-26,86.9694,87.72,85.2,86.02,47157273
2020-08-27,86.35,86.58,82.94,83.8,42194222
2020-08-28,84.3,86.04,84.19,85.55,40723268
2020-08-31,85.05,92.64,85.05,90.82,90655945
2020-09-01,91.92,92.51,90.1899,92.18,56117100
2020-09-02,94.01,94.28,88.74,90.22,50366918
2020-09-03,87.84,88.47,81.59,82.54,87462687
2020-09-04,81.45,84.39,76.33,82.01,82267760
2020-09-08,78.05,81.88,78,78.69,54955672
2020-09-09,81.4,82.44,79.28,81.91,54163878
2020-09-10,83.07,83.31,78.38,78.98,51499396
2020-09-11,79.82,79.99,75.04,76.34,54762990
2020-09-14,76.8,78.82,76.26,77.9,47448681
2020-09-15,77.66,80.33,75.97,78.93,57874428
2020-09-16,79.35,79.72,76.54,76.66,38445668
2020-09-17,74.88,76.625,74.2,76.55,55619100
2020-09-18,77,77.4,73.85,74.93,51082857
2020-09-21,74.23,77.98,73.88,77.94,61311970
2020-09-22,78.365,78.79,75.27,77.7,56044742
2020-09-23,77.39,77.91,74.34,74.73,42327514
2020-09-24,74.54,77.25,73.9,75.82,57540926
2020-09-25,76.35,78.2,74.67,78.055,48206242
2020-09-28,79.1165,79.57,77.52,79.48,48005488
2020-09-29,79.3,82.55,79.3,81.77,61633672
2020-09-30,81.75,82.94,80.66,81.99,51533664
2020-10-01,83.06,85.25,82.86,84.86,52177123
2020-10-02,82.58,84.65,81.66,81.8,52855053
2020-10-05,82.55,86.2819,82.55,86.15,47056522
2020-10-06,86.21,87.25,83.54,84.48,52725432
2020-10-07,86.1,87.79,85.65,86.69,43045723
2020-10-08,88.11,88.72,85.95,86.51,54240704
2020-10-09,84.74,85.75,82.3465,83.1,80354389
2020-10-12,83.65,85.13,83.12,84.29,47669699
2020-10-13,84.86,86.09,83.9733,85.28,42764096
2020-10-14,85.86,85.96,83.46,84.21,40446735
2020-10-15,83.4,84.7201,82.42,83.13,33696414
2020-10-16,83.54,83.99,82.41,83.17,31474294
2020-10-19,83.62,84.65,81.53,82,36689114
2020-10-20,82.16,82.69,80.58,81.56,38219415
2020-10-21,81.72,81.9299,79.19,79.2,36426409
2020-10-22,79.65,80.82,78.42,79.42,38006798
2020-10-23,80.93,81.99,79.33,81.96,46557675
2020-10-26,82.55,84.97,80.86,82.23,69423675
2020-10-27,82,82.37,77.57,78.88,156669494
2020-10-28,78.73,78.96,75.76,76.4,76529910
2020-10-29,76.75,79.18,76.29,78.02,52784087
2020-10-30,77.09,77.7,74.23,75.29,51426174
2020-11-02,75.85,76.3398,73.7573,74.7,45760659
2020-11-03,74.93,77.08,74.6,76.58,41231803
2020-11-04,80.25,81.85,78.975,81.35,66579711
2020-11-05,83.27,83.5,81.85,83,46542267
2020-11-06,83.52,86.09,82.67,85.88,53829936
2020-11-09,84.24,87.05,82.77,83.12,58580684
2020-11-10,81.93,82.13,77.63,77.99,67137196
2020-11-11,79.39,81.47,78.97,81.28,44611250
2020-11-12,81.32,83,80.3,81.84,37303106
2020-11-13,82.73,83.11,80.7,81.43,30448461
2020-11-16,81.21,83.78,80.48,83.73,38640842
2020-11-17,83.9298,84.81,82.91,83.36,29473512
2020-11-18,83.0135,83.955,82.22,82.54,29967958
2020-11-19,82.39,85.64,81.72,85.54,50116759
2020-11-20,85.28,86.1,84.47,84.64,35008427
2020-11-23,85.52,87.54,84.615,85.31,46504964
2020-11-24,85.7235,86.11,83.32,85.07,36297944
2020-11-25,85.76,87.84,85.52,86.71,41349727
2020-11-27,87.99,88,86.3598,87.19,22717638
2020-11-30,87.33,92.74,86.53,92.66,84482979
2020-12-01,92.25,93.9,90.78,92.63,58200308
2020-12-02,92.89,96.37,92.5253,93.74,57988822
2020-12-03,94.06,94.7,92.01,92.31,35859716
2020-12-04,92.58,94.58,90.63,94.04,45570273
2020-12-07,94.95,95,92.97,94.07,39815654
2020-12-08,94.05,94.74,91.9,92.92,33907510
2020-12-09,92.76,94.7,89.16,89.83,52170379
2020-12-10,89.55,92.09,89.0297,91.66,33804412
2020-12-11,91.54,92.33,90.16,91.65,28368145
2020-12-14,92.205,95.41,91.85,94.78,48026426
2020-12-15,95.93,97.98,95.45,97.12,57305100
2020-12-16,97.04,97.27,95.46,96.85,34909037
2020-12-17,97.55,97.92,96.25,96.84,32023734
2020-12-18,97.27,97.68,93.56,95.92,51823103
2020-12-21,94.25,95.28,91.08,93.23,47093891
2020-12-22,93.36,93.55,90.53,93.16,35717836
2020-12-23,93.08,93.13,91.46,91.55,25993348
2020-12-24,91.8,92.51,91.31,91.81,16705909
2020-12-28,92.93,93.14,90.82,91.6,30512512
2020-12-29,91.66,92.46,89.4301,90.62,31748211
2020-12-30,90.78,92.85,90.19,92.29,25844973
2020-12-31,92.1,92.3,90.87,91.71,24930684
2021-01-04,92.11,96.06,90.915,92.3,51802552
2021-01-05,92.1,93.2077,91.41,92.77,34207989
2021-01-06,91.62,92.28,89.46,90.33,51911657
2021-01-07,91.33,95.51,91.2,95.16,42897157
2021-01-08,95.98,96.4,93.27,94.58,39816400
2021-01-11,94.025,99.23,93.76,97.25,48669103
2021-01-12,97.86,98.97,94.07,95.355,67435038
2021-01-13,93.01,93.89,90.84,91.78,60712896
2021-01-14,91.77,92.36,90.45,90.79,53408241
2021-01-15,90.75,91.59,87.86,88.21,49340338
2021-01-19,89.56,89.58,87.24,89.45,45115055
2021-01-20,90.55,90.78,88.6,88.75,35185810
2021-01-21,89.34,92.07,88.43,91.53,54596079
2021-01-22,94.42,95.95,91.88,92.79,71294707
2021-01-25,94.14,95.74,91.4,94.13,55086943
2021-01-26,94.91,95.7171,93.63,94.71,59449053
2021-01-27,91.1,91.88,86.22,88.84,73341193
2021-01-28,89.83,89.88,87.3,87.52,47048362
2021-01-29,87.56,88.33,85.02,85.64,56735828
2021-02-01,86.83,87.95,84.66,87.66,42359344
2021-02-02,88.49,89.28,86.95,88.86,33671407
2021-02-03,88.6,89.48,87.34,87.89,32312885
2021-02-04,88.22,88.6,87.06,87.84,30791641
2021-02-05,88.15,88.36,86.875,87.9,30268677
2021-02-08,88.31,91.99,87.98,91.47,47639887
2021-02-09,91.39,93.3,90.55,90.91,37378124
2021-02-10,91.5,93.27,90.46,92.35,42232296
2021-02-11,92.9,93.65,91.33,92.66,35571025
2021-02-12,92.75,94.22,91.9,93.77,38538353
2021-02-16,93.9,94,90.7499,91.46,35105917
2021-02-17,90.56,90.96,88.5701,89.94,32154497
2021-02-18,89.09,89.6,87.31,88.64,35624948
2021-02-19,89.75,90.4163,88.69,89.58,29548273
2021-02-22,88.15,88.3,85.21,85.37,36686163
2021-02-23,83.4,85.11,79.36,84.74,49720914
2021-02-24,84.33,87.09,82.81,86.94,40821150
2021-02-25,86.17,87.09,81.92,82.42,54275246
2021-02-26,83.565,85.59,82.91,84.51,48815557
2021-03-01,85.365,86.5,83.97,86.39,32746181
2021-03-02,86.92,86.95,84.04,84.13,34828157
2021-03-03,84.28,84.38,80.85,80.86,43541041
2021-03-04,80.23,81.8067,76.78,77.75,60549371
2021-03-05,79,79.48,74.2,78.52,58548912
2021-03-08,78.03,79,73.86,73.96,54563874
2021-03-09,76.73,79.215,75.77,78.53,45088336
2021-03-10,79.75,80.04,77.41,77.52,45416616
2021-03-11,79.4,81.89,79.37,81.23,43583719
2021-03-12,79.73,81.19,79.23,81.05,32937950
2021-03-15,81.91,83.39,81.2,82.5,39365424
2021-03-16,83.66,84.75,82.255,82.75,42971552
2021-03-17,81.75,83.25,80.411,82.63,43320573
2021-03-18,81.055,81.62,78.01,78.12,51036502
2021-03-19,78.49,79.34,77.59,79.06,42283391
2021-03-22,79.99,81.265,79.22,80.3,39648614
2021-03-23,80.13,80.34,77.95,78.38,40466635
2021-03-24,77.55,78.8,76.4,76.48,43753642
2021-03-25,75.85,76.95,74.96,76.22,44735103
2021-03-26,76.62,77.4995,75.03,77.41,49148659
2021-03-29,77.03,78.02,76.26,77.14,37144298
2021-03-30,76.47,76.56,74.85,76,39169250
2021-03-31,76.57,79.13,76.52,78.5,43659455
2021-04-01,80.155,81.31,79.48,81.09,40182380
2021-04-05,81.74,81.9,80.39,81.43,32610554
2021-04-06,81.21,82.455,80.88,81.44,29327948
2021-04-07,81.32,83.1,80.35,82.2,35590925
2021-04-08,83.32,83.79,82.435,83.35,41925284
2021-04-09,82.8,83.59,82.16,82.76,32759867
2021-04-12,82.055,82.18,78.03,78.58,62098804
2021-04-13,79.67,80.72,78.98,80.19,37767257
2021-04-14,79.88,80.13,77.935,78.55,34263832
2021-04-15,80.32,83.95,79.97,83.01,68942819
2021-04-16,83.3,83.59,81.53,82.15,47280570
2021-04-19,82.13,83.18,80.39,81.11,39115461
2021-04-20,80.82,81.11,78.51,79.27,34977750
2021-04-21,78.99,81.66,78.86,81.61,35068955
2021-04-22,81.61,81.79,78.59,79.06,38846050
2021-04-23,80.21,83.3,79.96,82.76,49267281
2021-04-26,83.35,85.9,82.7,85.41,57594535
2021-04-27,85.67,87.15,85.13,85.21,61909865
2021-04-28,88.85,89.2,83.92,84.02,108920306
2021-04-29,84.7,85.27,82.63,83.91,51294528
2021-04-30,82.97,84.1,81.415,81.62,46601858
2021-05-03,81.97,82,78.46,78.55,66323268
2021-05-04,77.95,78.67,77.04,78.61,59194328
2021-05-05,79.05,79.3,77.36,77.83,42310154
2021-05-06,77.63,78.0599,76.47,77.89,38661325
2021-05-07,78.75,79.5718,78.22,78.81,36954179
2021-05-10,78.2,78.3,75.92,75.99,45134490
2021-05-11,73.57,76.93,72.75,76.83,51008239
2021-05-12,75.09,76.13,74.16,74.64,42531423
2021-05-13,75.21,75.7,72.5,73.09,48646754
2021-05-14,74.02,75.0274,72.72,74.59,38355787
2021-05-17,74.215,75.52,73.41,74.65,40779244
2021-05-18,74.74,75.7699,74.24,74.44,31982482
2021-05-19,73.16,76.97,72.76,76.23,73966162
2021-05-20,76.81,78.27,76.25,78.06,49135012
2021-05-21,78.55,78.81,77.04,77.17,40201088
2021-05-24,77.26,78.01,76.8,77.44,33194287
2021-05-25,77.33,78.77,76.8365,77.86,47353101
2021-05-26,77.83,78.59,77.59,78.34,30353997
2021-05-27,78.11,78.43,77.47,78.42,35883219
2021-05-28,78.66,81.09,78.66,80.08,40952663
2021-06-01,81.01,82.91,80.66,80.81,43433042
2021-06-02,81,82.6,80.66,81.97,35203224
2021-06-03,81.13,81.89,80.26,80.28,29811969
2021-06-04,80.92,82.19,80.81,81.58,26387799
2021-06-07,81.4,81.68,80.38,81.35,29006782
2021-06-08,81.87,82.645,80.45,80.89,26956625
2021-06-09,81.09,81.677,79.8,79.96,28454646
2021-06-10,80.02,81.71,79.7,81.56,28606356
2021-06-11,81.61,82.33,80.7,81.31,24310894
2021-06-14,81.51,81.55,80.2,81.55,27830243
2021-06-15,81.59,81.68,80.225,80.47,26194342
2021-06-16,80.75,81.45,78.96,80.11,29418666
2021-06-17,80.77,85.37,80.57,84.56,77822823
2021-06-18,84.28,85.77,83.48,84.65,58736805
2021-06-21,83.49,84.19,82.21,82.59,44417112
2021-06-22,82.9,84.04,82.48,83.58,32107700
2021-06-23,83.83,84.485,83.1603,83.82,25992435
2021-06-24,84.39,87.1399,84.365,86.1,42217665
2021-06-25,86.34,86.36,85.1,85.62,27804535
2021-06-28,86.38,88,86.15,87.08,30262042
2021-06-29,87.41,90.3,86.66,89.52,46181000
2021-06-30,90.82,94.335,90.6,93.93,70721525
2021-07-01,94.04,94.175,91.7,93.31,58059019
2021-07-02,93.28,95.27,92.205,94.7,51342975
2021-07-06,94.875,95.41,93.32,94.47,44930119
2021-07-07,95.02,95.44,90.31,90.54,51498481
2021-07-08,87.86,90.3399,87.45,89.74,45673454
2021-07-09,90.04,91.26,88.53,90.9,35278416
2021-07-12,91.22,91.9,89.65,90.81,28526559
2021-07-13,90.48,91.41,89.8299,90.26,30367595
2021-07-14,90.76,91.395,88.94,89.05,28108505
2021-07-15,89.78,89.78,86.1801,86.93,38944741
2021-07-16,87.32,88.03,85.68,85.89,35860740
2021-07-19,84.99,87.2294,84.24,86.58,39244796
2021-07-20,87.09,87.77,85.165,87.11,28088956
2021-07-21,87.25,89.49,86.9,89.41,29469864
2021-07-22,89.4,91.36,89.08,91.21,33730078
2021-07-23,91.3484,92.37,90.19,92.15,31708899
2021-07-26,92.01,92.75,91.12,91.82,27668459
2021-07-27,92.94,94.1,89.1,91.03,69427021
2021-07-28,93.44,98.71,89.65,97.93,140561028
2021-07-29,96.58,105.74,96.58,102.95,163055852
2021-07-30,101.6,106.97,101.38,106.19,125632018
2021-08-02,105.93,110.33,103.83,108.63,115581854
2021-08-03,108.15,114.85,107.66,112.56,157723142
2021-08-04,114.36,122.49,114.16,118.77,225368699
2021-08-05,116.63,117.68,111.59,112.35,137860865
2021-08-06,110.55,116.2599,109.7,110.11,143899026
2021-08-09,111.31,112.33,107.06,107.58,115749943
2021-08-10,107.895,109.17,104.36,106.48,113012297
2021-08-11,107.6,109.79,105.62,107.68,91788289
2021-08-12,107.39,108.44,105.86,106.5,60625725
2021-08-13,107.17,111.71,106.57,110.55,99825968
2021-08-16,110.2,111.58,105.865,107.48,73398938
2021-08-17,106.6435,108.7,105.35,107.56,74053905
2021-08-18,107.35,108.07,103.27,103.44,79387943
2021-08-19,103.315,106.18,101.975,103.7,71117494
2021-08-20,104.32,105.98,103.99,104.65,55227562
2021-08-23,105.295,109.02,104.86,108.77,68835281
2021-08-24,109.45,109.61,107.28,107.65,51239297
2021-08-25,108.13,109.91,107.45,108.3,45485504
2021-08-26,108.57,109.2299,106.84,107.27,51442548
2021-08-27,108.01,111.78,107.8,111.4,61030014
2021-08-30,112.61,114.4899,111.26,111.32,56130467
2021-08-31,111.26,111.26,109.0343,110.72,49338955
2021-09-01,111.3,111.85,109.85,109.99,38579559
2021-09-02,110.32,110.88,108.77,109.2,40108763
2021-09-03,108.85,111.17,108.5,109.92,42623780
2021-09-07,109.955,110.58,108.66,109.15,28815232
2021-09-08,108.88,109.3,105.52,106.17,43067911
2021-09-09,106.56,107.2953,105.84,106.15,31857873
2021-09-10,106.99,106.9913,104.98,105.2,32602293
2021-09-13,105.26,105.28,102.63,104.8,37767787
2021-09-14,105.52,106.82,104.42,105.73,40629527
2021-09-15,106,106.32,104.03,105.6,37998941
2021-09-16,104.915,106.75,103.76,106.22,38150269
2021-09-17,105.555,105.98,103.71,103.88,44528337
2021-09-20,101.58,102.51,99.51,101.55,45228411
2021-09-21,102.15,103.4299,101.18,102.82,35481501
2021-09-22,102.815,104.56,102.21,104.38,34126280
2021-09-23,104.89,106.86,103.89,106.15,32816657
2021-09-24,105.185,106.0499,104.68,105.8,26482610
2021-09-27,105.065,108.44,103.44,108.16,51944349
2021-09-28,106.835,107.65,101.42,101.52,74051446
2021-09-29,102.295,102.66,99.81,100.35,52224721
2021-09-30,102.08,104.44,101.99,102.9,57636700
2021-10-01,102.6,103,100.64,102.45,41491585
2021-10-04,101.742,101.85,99.82,100.34,41967149
2021-10-05,100.92,102.8699,100.6101,101.81,31455249
2021-10-06,100.445,103.72,100.35,103.64,39071703
2021-10-07,104.6,107.95,104.46,106.45,41543109
2021-10-08,106.55,107.28,104.89,105.06,30623047
2021-10-11,104.62,107.2,104.022,104.68,31284389
2021-10-12,105.165,106.04,104.34,105.04,34039906
2021-10-13,106.275,109.88,106.25,109.16,55631917
2021-10-14,110.5,112.22,109.6301,111.99,46900157
2021-10-15,112.505,112.835,111.11,112.12,34203008
2021-10-18,111.9,116.88,111.37,116.43,47537763
2021-10-19,116.16,117.17,114.47,116.33,39593938
2021-10-20,116.29,118.3001,115.421,116.39,34244811
2021-10-21,116.5,119.68,116.26,119.33,34794945
2021-10-22,120.825,121.56,118.37,119.82,38992694
2021-10-25,120.515,123.4599,118.6,122.36,47834118
2021-10-26,122.99,127.2,122.5782,122.93,59458928
2021-10-27,121.63,128.08,121.05,122.28,98245324
2021-10-28,122.855,123.5,120.26,121.16,58002459
2021-10-29,120.95,122.57,119.88,120.23,43320125
2021-11-01,119.45,125.67,118.1301,125.23,54128149
2021-11-02,124.98,128.455,124.2,127.63,52701425
2021-11-03,127.75,130.6,126.7901,130.53,59537815
2021-11-04,132.01,139,130.77,137.5,84825156
2021-11-05,139.185,141.22,134.42,136.34,64920597
2021-11-08,137.7,153.6,137.7,150.16,141493842
2021-11-09,154.01,155.65,143.89,148.92,98046805
2021-11-10,143.93,146.3,138.52,139.87,82989151
2021-11-11,142.955,146.47,140.84,146.01,67934845
2021-11-12,146.025,148.59,144.25,147.89,51911193
2021-11-15,148,148.98,142.86,146.49,52271271
2021-11-16,145.93,153.08,145.34,152.45,53100810
2021-11-17,151.98,154.6599,149.69,151.34,54527482
2021-11-18,157.07,158.89,152.56,155.02,60612733
2021-11-19,155.76,156.92,153.445,155.41,41668862
2021-11-22,157.14,161.8799,152.39,152.52,58674078
2021-11-23,150.41,152.66,145.2996,149.92,62852705
2021-11-24,149.46,157.93,147.19,157.8,60677062
2021-11-26,155.8,158.1,152.81,154.81,36245068
2021-11-29,157.5,162.505,156.1,161.91,57438867
2021-11-30,163.28,164.4599,155.6801,158.37,75182545
2021-12-01,160.37,160.88,148.92,149.11,64185119
2021-12-02,147.675,152.53,146.47,150.68,56161216
2021-12-03,151.645,152.38,140.72,144.01,65910028
2021-12-06,141.135,141.31,134.2,139.06,66776493
2021-12-07,143.9,145.76,141.0001,144.85,53359432
2021-12-08,144.96,147.04,142.7,145.24,40977478
2021-12-09,145.16,146.69,137.8,138.1,53019926
2021-12-10,141.29,141.365,135.82,138.55,42224275
2021-12-13,138.25,139.4,133.415,133.8,42173963
2021-12-14,131.67,137.24,130.6,135.6,50754642
2021-12-15,135.11,146.69,133.81,146.5,72425783
2021-12-16,147,147.93,137.02,138.64,63369550
2021-12-17,136.3,142.04,136.11,137.75,55692280
2021-12-20,135.97,138.26,133.52,135.8,38195396
2021-12-21,138.185,144.5,135.15,144.25,57785243
2021-12-22,142.65,144.5,140.27,143.88,46923682
2021-12-23,143.89,149.018,143.85,146.14,48653789
2021-12-27,147.51,154.89,147.25,154.36,53296375
2021-12-28,155.88,156.73,151.38,153.15,58699069
2021-12-29,152.82,154.3399,147.29,148.26,51300205
2021-12-30,147.44,148.85,144.85,145.15,44357997
2021-12-31,146.16,148.61,143.55,143.9,49027007
2022-01-03,145.135,151.65,145.02,150.24,59477667
2022-01-04,151.01,152.42,140.7,144.42,80200455
2022-01-05,142.815,143.76,135.29,136.15,65403174
2022-01-06,136.19,138,131.77,136.23,64802937
2022-01-07,136.28,137.44,131.13,132,58441104
2022-01-10,129.08,132.42,125.03,132,84671336
2022-01-11,133.45,138.99,131.59,137.31,76931592
2022-01-12,138.585,140.57,135.77,137.47,69669598
2022-01-13,139.44,141.25,131.81,132.74,76618059
2022-01-14,131.68,137,131.43,136.88,71078438
2022-01-18,134.5,136.3893,131.59,131.93,56219009
2022-01-19,133.55,134.57,128.02,128.27,69429197
2022-01-20,126.04,128.51,121.41,121.89,91157293
2022-01-21,120.14,125.02,118.39,118.81,95685268
2022-01-24,115.4,116.77,107.5,116.53,116301816
2022-01-25,114.1,114.82,109.86,111.13,85102907
2022-01-26,114.55,117.16,108.63,110.71,94752613
2022-01-27,111.96,112.75,101.94,102.6,125954124
2022-01-28,101.55,105.4,99.35,105.24,98749521
2022-01-31,107.93,114.31,106.9,114.25,97205994
2022-02-01,116.75,117.26,112.73,116.78,122467874
2022-02-02,129.89,130.06,120.64,122.76,180064993
2022-02-03,120.32,125.37,118.816,120.08,103599467
2022-02-04,120.34,124.96,118.58,123.6,86212008
2022-02-07,123.56,127.63,122.785,123.67,81672504
2022-02-08,122.38,128.705,122.05,128.23,84902753
2022-02-09,129.6,132.96,127.65,132.85,92948862
2022-02-10,128.84,131.7589,124.61,125.77,108939859
2022-02-11,126.14,127.1699,111.81,113.18,164723241
2022-02-14,115.51,118.37,113.46,114.27,135146410
2022-02-15,117.19,121.88,114.36,121.47,144139671
2022-02-16,119.05,119.54,114.22,117.69,119109631
2022-02-17,116.26,116.98,112.26,112.37,98179641
2022-02-18,113.9,115.635,109.89,113.83,114321231
2022-02-22,115.27,119.2,113.61,115.65,141069217
2022-02-23,117.4,118.65,109.04,109.76,120299433
2022-02-24,104.56,116.96,104.26,116.61,142956572
2022-02-25,117.16,121.23,116.0421,121.06,127820983
2022-02-28,120.31,124.61,119.2,123.34,124666142
2022-03-01,122.33,122.43,112.8,113.83,126552244
2022-03-02,115.47,119.48,113.31,118.28,118354509
2022-03-03,118.13,118.26,111.05,111.98,123916721
2022-03-04,112,113,106.81,108.41,100671339
2022-03-07,108.53,109.53,102.82,102.95,92599972
2022-03-08,102.81,109.9,100.08,105.53,135348316
2022-03-09,108.41,111.71,106.85,111.05,102310329
2022-03-10,108.89,109.07,103.07,106.46,102557375
2022-03-11,108.13,108.19,104.08,104.29,87584432
2022-03-14,102.99,105.2397,101.04,102.25,89731676
2022-03-15,102.66,109.69,101.79,109.33,112425543
2022-03-16,111.6,115.42,109.89,115.37,113689804
2022-03-17,112.14,114.27,109.71,111.69,103201695
2022-03-18,111.28,114.93,110.55,113.46,105271835
2022-03-21,113.73,117.57,112.54,115.92,101182208
2022-03-22,115.43,117.95,113.81,114.78,101343582
2022-03-23,114.29,117.55,112.21,113.92,90579150
2022-03-24,114.96,120.55,113.71,120.53,121961329
2022-03-25,119.915,121.4,117.2533,119.67,95724592
2022-03-28,117.7,120.41,116.71,120.24,92966149
2022-03-29,122.28,123.71,119.59,123.23,94143028
2022-03-30,123.04,125.67,118.59,119.22,99476946
2022-03-31,116.31,116.38,109.02,109.34,147004790
2022-04-01,110.48,111.42,106.102,108.19,111867074
2022-04-04,109.97,110.9391,107.03,110.53,90220034
2022-04-05,109.685,110.48,106.05,106.82,79305131
2022-04-06,104.45,105.744,101.7106,103.67,105256602
2022-04-07,103.92,105.24,100.91,103.72,91895526
2022-04-08,102.51,102.99,100.4205,101,92746663
2022-04-11,98.6,98.67,95.94,97.37,95527655
2022-04-12,98.78,99.59,94.6,95.1,89246449
2022-04-13,95.3,98.33,94.71,97.74,77728418
2022-04-14,98.37,98.39,92.92,93.06,73354367
2022-04-18,92.03,95.16,91.64,93.89,80605752
2022-04-19,93.385,97.07,92.84,96.93,77069496
2022-04-20,97.84,97.91,93.2,94.02,62322274
2022-04-21,95.16,96.23,89.24,89.85,76680635
2022-04-22,90.03,91.46,87.935,88.14,75017652
2022-04-25,89.86,91.37,88.61,90.69,93481042
2022-04-26,89.74,90.12,85.08,85.16,87805574
2022-04-27,84.25,87.9,84.02,84.91,83125054
2022-04-28,86.67,90.58,84.78,89.64,91495449
2022-04-29,88.05,91.79,85.38,85.52,82647701
2022-05-02,85.655,90.37,85.3201,89.84,98304091
2022-05-03,89.85,92.21,89.01,91.13,126381846
2022-05-04,98.18,99.69,91.7,99.42,224892814
2022-05-05,97.65,97.84,92.17,93.87,153129770
2022-05-06,94.34,98.18,92.65,95.34,144286560
2022-05-09,92.865,93.74,85.38,86.36,144523668
2022-05-10,89.18,90.7721,85.41,88.73,137235451
2022-05-11,87.84,93.46,86.53,87.92,136137858
2022-05-12,86.6,88.55,83.27,87.06,129214223
2022-05-13,88.3,96.57,88.22,95.12,138068073
2022-05-16,93.86,98.169,93.0801,94.24,131065665
2022-05-17,97.88,103.2,97.54,102.47,164227181
2022-05-18,100,104.22,95.71,96.28,142603246
2022-05-19,96.69,100.69,95.09,96.67,141506169
2022-05-20,98.385,98.64,88.26,93.5,164126807
2022-05-23,91.66,95.19,90.92,95.07,128773040
2022-05-24,92.54,93.42,89.62,91.16,123341410
2022-05-25,90.425,93.89,89.52,92.65,111771116
2022-05-26,91.34,100.33,90.74,98.75,128792745
2022-05-27,100.14,102.4,99.38,102.26,104348440
2022-05-31,102.43,104.55,100.04,101.86,125102894
2022-06-01,102.13,103.57,99.55,101.22,99351389
2022-06-02,100.78,109.5,100.78,108.59,120953796
2022-06-03,105.8,109.39,104.65,106.3,110844697
2022-06-06,108.27,109.57,104.225,105.65,96726891
2022-06-07,104.24,106.24,102.61,105.28,79022851
2022-06-08,104.57,105.848,100.41,101.9,97641865
2022-06-09,101.57,103.94,98.74,98.8,95298975
2022-06-10,98.82,99.928,94.25,94.82,102212244
2022-06-13,91.26,92.03,86.64,86.99,98148812
2022-06-14,87.41,88.3,85.8201,86.99,84066567
2022-06-15,87.9,90.86,86.19,89.3,95774807
2022-06-16,86.63,86.73,80.64,82.05,102433342
2022-06-17,82.19,82.94,79.43,81.57,105212293
2022-06-21,84.17,85.81,82.6,83.79,87780567
2022-06-22,84.4,86.375,83.3001,83.75,86634716
2022-06-23,84.315,84.41,80.2251,82.43,100614559
2022-06-24,83.56,87.53,83.0801,87.08,88553886
2022-06-27,87.355,88.22,85.25,86.16,74663487
2022-06-28,85.71,86.73,80.43,80.78,95752533
2022-06-29,79.55,79.75,76.51,77.99,104140895
2022-06-30,77.73,78.91,75.48,76.47,105368616
2022-07-01,75.185,75.45,72.69,73.67,87734237
2022-07-05,71.98,75.21,71.6,75.2,95685751
2022-07-06,75.17,76.28,73.55,75.35,85458857
2022-07-07,77.195,79.99,76.9,79.3,83640945
2022-07-08,78.31,80.47,77.4,79.35,83405931
2022-07-11,77.845,78.29,75.8417,76.95,76247536
2022-07-12,76.98,77.44,74.43,76.36,77873214
2022-07-13,74.94,79.11,74.48,77.52,79354976
2022-07-14,78.23,79.25,76,78.6,83493646
2022-07-15,79.36,81.2,77.9,81.11,76050597
2022-07-18,82.21,84.47,80.94,81.43,90464334
2022-07-19,82.76,86.41,82.19,85.88,85047506
2022-07-20,85.39,89.9198,85.08,89.43,88348558
2022-07-21,89.6,91.58,88.22,91.09,90449338
2022-07-22,90.2,90.69,87.04,88.1,76989702
2022-07-25,86.57,87.6,85.12,87.54,70083006
2022-07-26,87,87.749,84.71,85.25,69180367
2022-07-27,86.94,90.62,86.29,89.82,78301564
2022-07-28,90.415,92.22,88.5909,91.67,79009185
2022-07-29,90.7,94.81,90.56,94.47,76630707
2022-08-01,95.59,98.39,93.96,96.78,96477499
2022-08-02,95.71,100.915,95.36,99.29,116734097
2022-08-03,94.83,98.7693,93.62,98.09,131142046
2022-08-04,97.5,104.59,97.26,103.91,125855773
2022-08-05,101.05,103.86,100.98,102.31,93859876
2022-08-08,100.06,101.8,97.99,100.07,92692592
2022-08-09,97.95,98.0461,93.67,95.54,89473663
2022-08-10,98.45,99.35,95.61,99.05,83416119
2022-08-11,99.93,102.37,98,98.12,77516860
2022-08-12,99.2,101.4,98.48,100.83,72316345
2022-08-15,100.505,101.85,99.8002,101.01,61327142
2022-08-16,100.84,101.45,98.3201,100.2,60220671
2022-08-17,99.26,99.64,96.725,98.27,63735583
2022-08-18,97.74,101.07,96.7342,100.44,76059523
2022-08-19,98.67,99.245,94.59,95.95,67221693
2022-08-22,94.4,95.02,92.36,92.84,61837284
2022-08-23,92.39,94.44,92.11,92.49,52590673
2022-08-24,92.21,93.38,90.9,92.73,56520431
2022-08-25,93.14,97.57,93.14,97.18,61016201
2022-08-26,96.29,97.5999,91.12,91.18,65552540
2022-08-29,90.05,91.19,88.26,88.49,60564253
2022-08-30,90.055,90.15,85.34,86.94,69087118
2022-08-31,86.28,86.72,83.72,84.87,64991720
2022-09-01,82.345,82.755,78.52,82.33,94854710
2022-09-02,83.315,83.65,79.805,80.24,84924445
2022-09-06,80.41,80.89,78.3724,78.72,68588353
2022-09-07,79.24,80.25,77.74,79.61,67891169
2022-09-08,80.03,83.45,79.24,82.78,89089304
2022-09-09,84.03,85.68,83.84,85.45,68936919
2022-09-12,84.89,85.3488,83.46,84.64,71922542
2022-09-13,80.955,81.47,76.8,77.03,80921218
2022-09-14,77.1,78.08,75.87,77.45,71482997
2022-09-15,76.64,77.97,74.905,76.66,81817966
2022-09-16,75.62,76.82,74.68,76.51,75300178
2022-09-19,75.39,77.34,75.35,76.77,64966909
2022-09-20,76.08,76.58,74.7312,75.25,51129084
2022-09-21,75.435,78.41,74.45,74.48,82069703
2022-09-22,73.89,74.29,69.17,69.5,100565539
2022-09-23,68,69.0801,66.8216,67.96,87689951
2022-09-26,67.87,68.74,66.25,66.3,82898693
2022-09-27,67.9,68.78,66,67.17,94871793
2022-09-28,67.11,68.7979,66.56,68.36,72389462
2022-09-29,67.15,67.2,62.8301,64.14,102552389
2022-09-30,63.615,65.91,63.34,63.36,81664125
2022-10-03,64.46,66.91,63.39,66.11,83841632
2022-10-04,68.27,69.18,67.33,67.9,77160479
2022-10-05,66.59,68.69,64.515,67.94,87127384
2022-10-06,67.82,70.29,67.661,67.85,98325917
2022-10-07,64.0101,64.03,58.22,58.44,163786265
2022-10-10,57.31,58.79,56.3,57.81,112241785
2022-10-11,57.21,58.915,56.05,57.63,114054838
2022-10-12,57.45,58.32,56.32,57.85,89264184
2022-10-13,55.52,60.14,54.57,58.94,131159784
2022-10-14,59.6,59.94,55.835,55.94,96959299
2022-10-17,57.35,58.51,57.1,57.96,76977604
2022-10-18,59.91,60.49,56.4,57.92,103064529
2022-10-19,57.325,59.0376,56.57,57.23,75704837
2022-10-20,57.47,60.2,57.4,57.77,79552604
2022-10-21,57.215,58.91,55.71,58.82,95366369
2022-10-24,58.57,59,56.66,58.7,76305381
2022-10-25,58.765,61.975,58.69,61.47,85501881
2022-10-26,59.69,61.77,59.15,59.73,79915891
2022-10-27,61.6,62.72,58.51,58.6,83871440
2022-10-28,59.1,62.35,58.92,62.01,78198605
2022-10-31,60.75,61.86,59.525,60.06,73274137
2022-11-01,61.485,61.99,59.425,59.66,83806667
2022-11-02,62.9999,63.93,58.57,58.63,142669440
2022-11-03,58.11,62.28,58.03,60.11,95279891
2022-11-04,62.5,63,60.53,62.19,84791349
2022-11-07,62.93,63.53,61.4,63.08,62722498
2022-11-08,64.09,64.96,62.3678,63.85,75938045
2022-11-09,62.28,63.05,59.8,59.92,62940338
2022-11-10,64.3,68.8,63.62,68.47,107996331
2022-11-11,69.58,73.32,68.29,72.37,111709462
2022-11-14,75.22,75.25,72.67,73.53,108892750
2022-11-15,77.26,79.16,75.39,76.37,108946318
2022-11-16,73.655,74.8268,71.925,72.7,79967998
2022-11-17,70.56,74.38,70.16,73.9,82320829
2022-11-18,75.07,75.3499,72.18,73.57,73223214
2022-11-21,72.21,72.98,71.57,72.46,51536349
2022-11-22,72.72,75.33,72.1091,75.25,55450160
2022-11-23,75.49,78.22,75.3,76.4,81623628
2022-11-25,75.67,76.0393,74.7495,75.14,26018911
2022-11-28,73.81,75.4699,72.57,73.19,45448323
2022-11-29,73.62,74.4899,72.78,73.39,51846449
2022-11-30,73.38,77.7,72.8131,77.63,88468439
2022-12-01,78.31,79.23,76.44,77.48,59833354
2022-12-02,75.05,76.28,73.65,74.98,64377175
2022-12-05,74.54,75.17,72.82,73.62,47022185
2022-12-06,73.08,73.3911,69.4,70.27,64965235
2022-12-07,69.53,71.37,69.28,70.14,59180109
2022-12-08,70.14,71.225,69,70.47,56734096
2022-12-09,69.49,70.67,68.52,68.59,59058319
2022-12-12,68.54,70.67,67.53,70.67,60968341
2022-12-13,74.87,75.21,70.66,71.65,72458043
2022-12-14,70.93,72,68.32,68.93,67277981
2022-12-15,67.604,68.21,66.12,66.53,58557045
2022-12-16,66.25,67.19,64.8,65.41,62438574
2022-12-19,65.12,65.59,63.71,64.59,46246911
2022-12-20,63.76,66.06,63.52,65.05,52431257
2022-12-21,65.43,67.845,65.21,67.68,44167575
2022-12-22,66.08,66.31,62.2601,63.86,73917667
2022-12-23,63.11,64.66,62.72,64.52,45923000
2022-12-27,63.87,64.28,62.97,63.27,36085981
2022-12-28,62.54,63.54,61.96,62.57,39526483
2022-12-29,63.635,65.18,63.06,64.82,41428481
2022-12-30,63.77,64.82,63.1437,64.77,37126975
2023-01-03,65.998,66.88,63.59,64.02,46851844
2023-01-04,65,65.79,63.31,64.66,47477139
2023-01-05,64.15,64.35,62.3,62.33,46159549
2023-01-06,63.145,64.3,60.05,63.96,70161340
2023-01-09,66.22,69.32,65.67,67.24,69741257
2023-01-10,66.67,68.15,66.56,68.05,41149630
2023-01-11,68.39,69.13,67.2201,69.06,44470060
2023-01-12,70.07,71.65,67.18,70.8,70066161
2023-01-13,69.84,71.1,69.23,71,45757358
2023-01-17,70.87,72.66,70.653,71.59,42621340
2023-01-18,71.87,72.78,70.5,70.53,39538725
2023-01-19,68.975,69.2536,67.265,67.71,47189852
2023-01-20,68.01,70.13,67.45,70.07,47757593
2023-01-23,72.225,76.59,71.54,76.53,84293199
2023-01-24,73.75,75.6412,73.42,74.7,60822606
2023-01-25,72.9,75.12,72.09,74.91,49932595
2023-01-26,76.5,77.0798,74.28,75.16,49583948
2023-01-27,73.7,76.74,73.49,75.4,58118610
2023-01-30,74.23,74.64,72.4,72.45,48105243
2023-01-31,72.26,75.2,72.03,75.15,71669107
2023-02-01,78.47,85.48,77.88,84.64,152548240
2023-02-02,84.29,88.9388,83.2,88.31,97762091
2023-02-03,86.655,88.8014,85.83,86.09,66557818
2023-02-06,84.63,86.28,83.224,83.68,53008890
2023-02-07,84.32,86.25,82.52,85.91,65291914
2023-02-08,85.88,88,84.54,84.69,54140448
2023-02-09,85.88,86.67,82.76,83.21,46525397
2023-02-10,82.29,82.71,80.47,81.48,49332598
2023-02-13,81.57,84.15,80.9,83.13,45400008
2023-02-14,82.7,86.185,81.7672,85.95,55979653
2023-02-15,85.1,85.89,83.32,85.18,46483152
2023-02-16,82.98,83.35,80.05,80.08,57755166
2023-02-17,79.6,79.6498,77.37,78.5,47826602
2023-02-21,77.15,78.455,76.45,76.77,44045643
2023-02-22,76.93,78.1299,75.9201,76.61,50286804
2023-02-23,80.63,81.79,77.965,79.75,76391342
2023-02-24,77.75,78.81,76.94,78.09,46700007
2023-02-27,79.64,80.12,78.53,78.77,45617297
2023-02-28,77.872,80.14,77.42,78.58,44220135
2023-03-01,78.55,80.2869,77.8813,78.29,44265984
2023-03-02,77.57,80.92,76.65,80.44,60185875
2023-03-03,80.4,81.63,79.34,81.52,54536217
2023-03-06,82.03,83.2986,81.04,81.16,54541281
2023-03-07,81.07,84.85,80.665,82.11,70959009
2023-03-08,82.79,85.77,82.28,85.37,69529838
2023-03-09,85.29,87.81,83.59,84.03,79496691
2023-03-10,84.47,85.45,81.63,82.67,70273562
2023-03-13,81.39,83.83,78.515,82.01,65269120
2023-03-14,83.67,88.3,83.59,87.45,66616320
2023-03-15,86.77,90.42,86.215,89.68,86177424
2023-03-16,89.72,96.69,89.02,96.6,115980649
2023-03-17,96.66,98.75,95.9364,97.84,94080842
2023-03-20,96.3,96.94,92.9,96.81,92008949
2023-03-21,97,99.4646,93.64,95.93,85285333
2023-03-22,95.65,101.7,95.64,97.58,110816317
2023-03-23,100.05,102.43,98.671,100.28,84088899
2023-03-24,99.18,99.52,96.74,97.95,64743698
2023-03-27,98.02,98.93,95.425,96.61,57461354
2023-03-28,96.77,96.94,92.87,94.56,59150100
2023-03-29,96.07,96.91,94.87,96.09,55325974
2023-03-30,98,99.53,97.25,97.88,59678531
2023-03-31,96.34,98.36,95.27,98.01,55861066
2023-04-03,96.695,96.79,94.81,96.56,50655332
2023-04-04,97.038,97.27,95.21,95.87,43195876
2023-04-05,94.35,94.5,91.36,92.56,52979281
2023-04-06,91.47,92.9148,90.62,92.47,47778378
2023-04-10,91.32,95.795,91.02,95.48,52536324
2023-04-11,96.06,96.07,92.69,94.03,51935800
2023-04-12,94.97,95,91.74,92.33,53383124
2023-04-13,92.79,93.16,91.83,92.09,40572482
2023-04-14,91.82,92.97,90.5,91.75,38734794
2023-04-17,90.23,90.69,88.3,89.87,46752514
2023-04-18,91.61,92.16,89.33,89.78,46246286
2023-04-19,88.51,90.54,88.22,89.94,37344502
2023-04-20,88.825,91.5795,88.73,90.11,47082684
2023-04-21,89.8,89.8,88.055,88.43,41118264
2023-04-24,88.11,88.64,86.34,87.57,40423789
2023-04-25,86.9,87.06,83.76,83.8,52771477
2023-04-26,86.51,87.35,85.32,85.94,47611799
2023-04-27,86.41,87.565,84.09,87.44,53087213
2023-04-28,87.02,89.75,86.44,89.37,50686053
2023-05-01,91.03,91.04,88.61,89.69,59358710
2023-05-02,89.32,90.455,88.12,89.91,70483508
2023-05-03,83.54,85.48,81.02,81.62,109482172
2023-05-04,81.57,91.64,81.11,86.61,122840488
2023-05-05,84.99,90.425,84.72,89.84,78491108
2023-05-08,89.99,95.655,89.17,95.04,95503215
2023-05-09,94.89,96.16,93.4281,95.06,68674788
2023-05-10,96.42,99.94,96.12,97.02,95619496
2023-05-11,98.155,99.19,96.14,97.1,57061034
2023-05-12,96.83,97.45,93.68,95.26,53829709
2023-05-15,95.2,97.43,93.45,97.4,51749212
2023-05-16,97.39,103.28,97.31,101.48,90622884
2023-05-17,101.79,104.14,100.05,103.75,75240894
2023-05-18,103.98,108.1,103.93,107.93,74338722
2023-05-19,106.36,107.29,104.6201,105.82,67880217
2023-05-22,104.68,108.79,103.4923,108,65424234
2023-05-23,107.25,110.99,107.19,108.12,73099114
2023-05-24,105.98,108.91,105.64,108.27,65910464
2023-05-25,117.305,120.69,115.8,120.35,108514669
2023-05-26,122.46,127.43,120.89,127.03,92922750
2023-05-30,130.415,130.79,123.51,125.27,98902282
2023-05-31,122.42,123.96,117.86,118.21,86845493
2023-06-01,117.29,121.28,116.6,119.47,66032924
2023-06-02,120.75,121.66,117.675,117.86,52382424
2023-06-05,116.59,119.32,116.42,117.93,52602861
2023-06-06,117.91,124.42,117.74,124.23,75257497
2023-06-07,124.025,125.34,117.07,117.83,81755152
2023-06-08,118.295,122.21,117.05,121.05,65246930
2023-06-09,123.57,127.25,123.55,124.92,75105039
2023-06-12,128.52,130.48,126.4,129.19,85673077
2023-06-13,132.32,132.83,122.45,124.53,132461926
2023-06-14,126.525,127.725,123.81,127.33,95888117
2023-06-15,125.39,125.7,122.26,124.24,85587115
2023-06-16,125.82,125.85,119.9,120.08,82007083
2023-06-20,119.085,121.75,117.7,118.93,58851777
2023-06-21,118.485,119.1888,111.67,112.11,82835622
2023-06-22,112.24,114,109.85,110.7,70754783
2023-06-23,109.31,111.0957,107.46,110.01,73621951
2023-06-26,110.95,112.55,107.2,107.51,68556976
2023-06-27,108.565,110.97,107.08,110.39,59381646
2023-06-28,108.21,111.78,107.63,110.17,67534134
2023-06-29,112.065,112.7599,109.84,111.24,58347174
2023-06-30,113.03,114.69,112.41,113.91,53378774
2023-07-03,115.16,116.73,114.51,115.82,31859976
2023-07-05,116.1,117.662,113.855,113.95,49501584
2023-07-06,112.07,113.79,110.31,113.48,42411840
2023-07-07,114.16,115.33,113.04,113.17,37211287
2023-07-10,113,113.61,109.88,113.58,49330204
2023-07-11,111.66,113.27,109.5,111.32,59899536
2023-07-12,112.89,115.3999,112.3101,114.58,57993090
2023-07-13,115.76,116.16,113.575,115.92,49206695
2023-07-14,116.17,122.12,115.25,115.94,91927197
2023-07-17,115.95,118.8399,112.73,118.32,68593288
2023-07-18,117.55,118.43,115.192,117.93,57980077
2023-07-19,121.3,121.6699,115.55,116.43,70363051
2023-07-20,114.96,115.05,109.24,110.25,76340398
2023-07-21,110.97,112.3,109.54,110.95,76815378
2023-07-24,110.617,111.31,108.55,110.61,45637998
2023-07-25,111.14,114.05,111,113,44916262
2023-07-26,111.91,112.36,109.3,110.09,51721689
2023-07-27,111.79,115.08,110.51,111.1,70677972
2023-07-28,113.38,114.86,112.44,112.96,55525965
2023-07-31,114.16,114.68,112.35,114.4,54187286
2023-08-01,114.26,118.19,113.16,117.6,97284727
2023-08-02,119.49,119.5,107.38,109.35,173372010
2023-08-03,108.95,114.96,108.95,113.15,90811558
2023-08-04,114.48,118.85,113.96,115.82,83169686
2023-08-07,116.36,119.08,115.49,116.81,65854765
2023-08-08,114.94,115.46,111.41,113.23,54141829
2023-08-09,112.89,113.15,108.78,110.47,56257067
2023-08-10,111.3,113.89,109.47,110.23,57297792
2023-08-11,108.85,109.07,106.48,107.57,55667745
2023-08-14,106.75,111.99,105.42,111.98,57421820
2023-08-15,111.99,113.18,110.17,111.35,53816569
2023-08-16,110.0863,110.4388,106.98,107.19,54327298
2023-08-17,107.62,107.85,104.1,104.44,59064275
2023-08-18,102.4,106.07,101.68,105.45,59916675
2023-08-21,106.2,108.54,105.67,108.22,49319240
2023-08-22,109.4,109.72,104.85,105.66,47335086
2023-08-23,105.65,110.08,105,109.43,54656329
2023-08-24,111.06,111.64,100.871,101.8,109179129
2023-08-25,101.165,104.12,99.58,102.25,74793086
2023-08-28,103.47,104.07,100.8944,102.61,55386803
2023-08-29,102.11,106.57,101.79,105.92,50850289
2023-08-30,105.402,107.67,104.5,106.59,54847348
2023-08-31,106.19,108.06,104.86,105.72,58918970
2023-09-01,107,110.06,106.61,109.45,54856148
2023-09-05,109,111.82,106.3,110.78,66042191
2023-09-06,110.56,111.33,108.22,109.28,47736701
2023-09-07,106.14,107.69,105.09,106.59,49080149
2023-09-08,107.02,109.737,105.75,106.09,46271558
2023-09-11,107.315,107.51,103,105.32,50611285
2023-09-12,104.2,106.74,103.18,105.31,44413572
2023-09-13,105.1,108.74,104.83,107.71,44702254
2023-09-14,108.43,109.1494,106.2212,106.63,45920612
2023-09-15,106.07,106.76,101.28,101.49,71103616
2023-09-18,100.815,102.99,99.45,102.37,49061310
2023-09-19,101.75,102.8582,100.7,101.61,41704110
2023-09-20,102.36,103.94,100.28,100.34,55180576
2023-09-21,98.6,98.87,95.84,96.11,59704335
2023-09-22,96.92,98.42,95.61,96.2,52169395
2023-09-25,95.95,97.45,94.46,97.38,43223749
2023-09-26,96.5,97.83,95.27,95.96,42866460
2023-09-27,96.82,99.23,96.35,98.07,51261502
2023-09-28,97.94,104.2,97.76,102.76,72542056
2023-09-29,104.69,104.94,102.56,102.82,56078641
2023-10-02,102.21,103.71,101.7,103.27,45118574
2023-10-03,101.7963,103.29,99.17,100.08,48116980
2023-10-04,100.65,104.4,100.34,104.07,51023246
2023-10-05,103.405,103.74,100.27,102.91,51789731
2023-10-06,102.16,107.87,102.03,107.24,64864077
2023-10-09,106.01,107.31,104.79,106.97,39593192
2023-10-10,107.49,110.12,106.4,109.01,57105529
2023-10-11,109.14,110.1,106.93,108.31,51085635
2023-10-12,108.4,111.31,107.5101,108.79,60959430
2023-10-13,108.65,108.97,104.75,105.09,52925932
2023-10-16,105.42,107.48,105.03,106.46,42464511
2023-10-17,103.54,106.29,101.6601,105.14,49642114
2023-10-18,103.38,104.78,101.74,102.17,50449952
2023-10-19,103.81,105.6,101.84,102.4,52734201
2023-10-20,102.28,104.34,101.44,101.81,61317927
2023-10-23,100.812,102.42,99.315,100.01,50817440
2023-10-24,100.97,101.7899,99.38,101.67,51982918
2023-10-25,100.42,101.03,95.23,96.055,53424477
2023-10-26,95.99,97.52,93.115,93.67,49896360
2023-10-27,95.8,97.35,94.59,96.43,52458653
2023-10-30,96.14,97.04,94.7,96.18,43716642
2023-10-31,96.235,98.8188,94.07,98.5,79547126
2023-11-01,98.58,108.15,98.5,108.04,138641522
2023-11-02,107.96,109.405,105.91,107.83,71376954
2023-11-03,109.05,113.39,107.86,112.25,65632202
2023-11-06,112.6,113.08,110.22,111.75,49270370
2023-11-07,111.86,114.65,111.22,113.45,50550151
2023-11-08,113.55,115.3166,112.88,113.59,41880606
2023-11-09,114.095,115.81,113.06,113.49,61146862
2023-11-10,114.35,119.7,114.03,118.59,75204072
2023-11-13,118.34,118.68,116,116.79,46741889
2023-11-14,119.7,122.11,119.22,119.88,61017449
2023-11-15,120.54,120.59,116.8701,118,59555593
2023-11-16,117.2,120.726,116.41,119.83,49661870
2023-11-17,119.64,121.49,118.82,120.62,38538695
2023-11-20,120.7,121.93,120.07,121.53,43173925
2023-11-21,120.54,120.65,117.94,119.16,41064750
2023-11-22,120,124.7623,119.9516,122.51,56894486
2023-11-24,122.03,123.25,121.54,122.31,19001007
2023-11-27,122.07,123.89,121.772,122.65,32743006
2023-11-28,121.98,122.54,120.79,122.01,32047063
2023-11-29,123.98,125.725,123.48,123.85,37876317
2023-11-30,123.61,124.05,119.65,121.16,44494211
2023-12-01,119.88,121.4001,118.645,121.39,37048002
2023-12-04,119.75,119.9,116.37,118.57,39854418
